id,data_inversa,dia_semana,horario,uf,br,km,municipio,causa_principal,causa_acidente,tipo_acidente,classificacao_acidente,fase_dia,sentido_via,condicao_metereologica,tipo_pista,tracado_via,uso_solo,latitude,longitude,total_vitimas,n_mortos,n_feridos_graves,n_feridos_leves,n_ilesos,n_nao_informado,vitimas_com_lesao,prop_mortos,prop_ilesos,indice_gravidade,gravidade_cat,tracado_simplificado,pista_tipo,area_tipo,clima_adverso,periodo_dia,municipio_clean,mca_dim_1,mca_dim_2,mca_dim_3,mca_dim_4,mca_dim_5,cluster
572018,2024-01-01,segunda-feira,21:00:00,GO,60,8    ,SANTO ANTONIO DO DESCOBERTO,Não,Pista Escorregadia,Saída de leito carroçável,Sem Vítimas,Plena Noite,Crescente,Chuva,Dupla,Reta,Não  ,-16.108703,-48.29952,2.0,0.0,0.0,0.0,1.0,1.0,0.0,0.0,0.5,0.0,Sem_Lesoes,Reta,Simples,Rural,Adverso,Noite,SANTO ANTONIO DO DESCOBERTO,0.16915434833060708,0.46895046672021484,-0.24945407729714572,-0.7458146619766036,-0.3498356616883359,8
572065,2024-01-02,terça-feira,08:30:00,DF,60,11   ,BRASILIA,Sim,Acumulo de óleo sobre o pavimento,Queda de ocupante de veículo,Com Vítimas Feridas,Pleno dia,Decrescente,Chuva,Dupla,Reta,Sim  ,-15.911784,-48.157192,1.0,0.0,0.0,1.0,0.0,0.0,1.0,0.0,0.0,1.0,Leve,Reta,Simples,Urbana,Adverso,Dia,BRASILIA,-0.30965213660780766,0.570843582269173,0.11489864713983966,0.14635433228797215,-0.02262736384566955,8
572569,2024-01-04,quinta-feira,12:12:00,DF,60,28   ,BRASILIA,Não,Demais falhas mecânicas ou elétricas,Capotamento,Com Vítimas Feridas,Pleno dia,Crescente,Chuva,Dupla,Curva,Não  ,-16.020638,-48.250832,4.0,0.0,0.0,3.0,1.0,0.0,3.0,0.0,0.25,3.0,Leve,Curva,Simples,Rural,Adverso,Dia,BRASILIA,0.7558885407975525,0.1417359276134808,0.5544840491042873,0.16625352342061064,0.6301872935278424,0
572657,2024-01-04,quinta-feira,21:15:00,GO,20,138  ,FLORES DE GOIAS,Não,Ausência de reação do condutor,Capotamento,Com Vítimas Fatais,Plena Noite,Crescente,Chuva,Simples,Reta,Não  ,-14.786891,-46.694374,2.0,1.0,0.0,1.0,0.0,0.0,2.0,0.5,0.0,5.0,Fatal,Reta,Simples,Rural,Adverso,Noite,FLORES DE GOIAS,0.6334347541014166,-0.3317756185251914,-0.9456297539185861,-0.3976308630926555,-0.0726265147633621,4
572668,2024-01-04,quinta-feira,22:52:00,GO,80,2    ,PADRE BERNARDO,Sim,Demais falhas na via,Capotamento,Com Vítimas Feridas,Plena Noite,Crescente,Nevoeiro/Neblina,Simples,Interseção de Vias;Declive,Não  ,-15.502505,-48.21132,1.0,0.0,0.0,1.0,0.0,0.0,1.0,0.0,0.0,1.0,Leve,Inclinacao,Simples,Rural,Adverso,Noite,PADRE BERNARDO,0.7415514868175157,0.3737637926691428,-0.6859396539892678,0.1719833886787901,-0.15132704155360036,2
572830,2024-01-05,sexta-feira,19:30:00,GO,251,"20,1 ",CRISTALINA,Não,Reação tardia ou ineficiente do condutor,Tombamento,Com Vítimas Feridas,Plena Noite,Crescente,Nublado,Simples,Reta,Não  ,-16.1620858,-47.477932,3.0,0.0,0.0,2.0,1.0,0.0,2.0,0.0,0.3333333333333333,2.0,Leve,Reta,Simples,Rural,Normal,Noite,CRISTALINA,-0.07000944677736169,-0.4365976829166499,-0.35509830740700743,0.23910423401873382,-0.361606446874318,1
572994,2024-01-06,sábado,17:46:00,DF,20,"22,4 ",BRASILIA,Não,Avarias e/ou desgaste excessivo no pneu,Tombamento,Com Vítimas Feridas,Anoitecer,Decrescente,Chuva,Dupla,Declive,Não  ,-15.59834,-47.676186,5.0,0.0,0.0,3.0,2.0,0.0,3.0,0.0,0.4,3.0,Leve,Inclinacao,Simples,Rural,Adverso,Transicao,BRASILIA,1.0547342922547318,0.2009621067999728,0.3204153413501903,0.28087895809085706,-0.6834712873666652,0
582216,2024-02-20,terça-feira,06:30:00,GO,20,182  ,SIMOLANDIA,Não,Velocidade Incompatível,Tombamento,Sem Vítimas,Pleno dia,Decrescente,Garoa/Chuvisco,Dupla,Reta,Sim  ,-14.463847,-46.480179,2.0,0.0,0.0,0.0,1.0,1.0,0.0,0.0,0.5,0.0,Sem_Lesoes,Reta,Simples,Urbana,Adverso,Dia,SIMOLANDIA,-0.3792981338623544,0.9528318175228829,0.33600751943096313,-0.7168072324218567,-0.08496222557474707,7
573228,2024-01-07,domingo,17:20:00,GO,20,"143,9",FLORES DE GOIAS,Não,Acumulo de água sobre o pavimento,Colisão frontal,Com Vítimas Fatais,Pleno dia,Decrescente,Nublado,Simples,Curva,Não  ,-14.751895,-46.65666,7.0,1.0,2.0,1.0,1.0,2.0,4.0,0.14285714285714285,0.14285714285714285,9.0,Fatal,Curva,Simples,Rural,Normal,Dia,FLORES DE GOIAS,0.8417131569512998,-0.8005618367613703,0.19488188695523212,-0.22696691111976172,0.7709559318086789,3
573285,2024-01-08,segunda-feira,02:00:00,DF,20,5    ,BRASILIA,Não,Iluminação deficiente,Atropelamento de Animal,Sem Vítimas,Plena Noite,Crescente,Nublado,Dupla,Aclive;Ponte;Reta,Sim  ,-15.670546,-47.816044,10.650000000000006,0.0,0.0,0.0,15.0,0.0,0.0,0.0,1.0,0.0,Sem_Lesoes,Inclinacao,Simples,Urbana,Normal,Noite,BRASILIA,-0.1234778859544239,0.4730507023538413,-0.3221425988421923,-0.5136451655741451,-0.4047906348489215,8
573297,2024-01-08,segunda-feira,06:30:00,DF,40,"4,8  ",BRASILIA,Não,Pista Escorregadia,Queda de ocupante de veículo,Com Vítimas Feridas,Pleno dia,Decrescente,Nublado,Dupla,Reta,Sim  ,-16.012033,-47.982124,2.0,0.0,0.0,1.0,0.0,1.0,1.0,0.0,0.0,1.0,Leve,Reta,Simples,Urbana,Normal,Dia,BRASILIA,-0.6184619289703231,0.047283667886018135,0.2303632893211014,0.2681116635734806,-0.09673301076072918,5
573407,2024-01-08,segunda-feira,16:34:00,DF,20,"40,5 ",BRASILIA,Não,Chuva,Capotamento,Com Vítimas Feridas,Pleno dia,Decrescente,Chuva,Dupla,Aclive,Não  ,-15.581552,-47.508035,2.0,0.0,0.0,1.0,1.0,0.0,1.0,0.0,0.5,1.0,Leve,Inclinacao,Simples,Rural,Adverso,Dia,BRASILIA,0.6796725877794315,0.6167865546576673,-0.12770159793584923,0.14521513906215155,0.2305694792111725,2
573425,2024-01-08,segunda-feira,18:00:00,DF,20,13   ,BRASILIA,Sim,Acumulo de água sobre o pavimento,Colisão com objeto,Sem Vítimas,Pleno dia,Crescente,Chuva,Dupla,Reta,Sim  ,-15.638752,-47.749599,1.0,0.0,0.0,0.0,1.0,0.0,0.0,0.0,1.0,0.0,Sem_Lesoes,Reta,Simples,Urbana,Adverso,Dia,BRASILIA,-0.3792981338623544,0.9528318175228829,0.33600751943096313,-0.7168072324218567,-0.08496222557474707,7
573852,2024-01-10,quarta-feira,20:00:00,DF,80,13   ,BRASILIA,Não,Reação tardia ou ineficiente do condutor,Saída de leito carroçável,Com Vítimas Feridas,Plena Noite,Decrescente,Nublado,Simples,Reta;Aclive,Não  ,-15.728034,-48.193768,2.0,0.0,0.0,1.0,1.0,0.0,1.0,0.0,0.5,1.0,Leve,Inclinacao,Simples,Rural,Normal,Noite,BRASILIA,0.4327416944550002,-0.14979612171401213,-0.5704750118080061,0.29374071996429857,-0.22543268846866,4
573857,2024-01-10,quarta-feira,21:20:00,GO,40,1    ,VALPARAISO DE GOIAS,Sim,Acesso irregular,Atropelamento de Pedestre,Com Vítimas Feridas,Plena Noite,Decrescente,Nublado,Dupla,Reta,Sim  ,-16.067129,-47.984235,2.0,0.0,0.0,1.0,1.0,0.0,1.0,0.0,0.5,1.0,Leve,Reta,Simples,Urbana,Normal,Noite,VALPARAISO DE GOIAS,-0.556583029932239,-0.19573909410250648,-0.32787476673231714,0.29487991319011914,-0.478629531525502,1
574527,2024-01-13,sábado,20:00:00,DF,20,"56,9 ",BRASILIA,Sim,Iluminação deficiente,Capotamento,Sem Vítimas,Plena Noite,Decrescente,Céu Claro,Dupla,Curva,Não  ,-15.583027,-47.367081,1.0,0.0,0.0,0.0,0.0,1.0,0.0,0.0,0.0,0.0,Sem_Lesoes,Curva,Simples,Rural,Normal,Noite,BRASILIA,0.4393116502185745,-0.24285851350448867,0.3328195075232539,-0.5483824603870713,0.11185026411893231,3
574553,2024-01-13,sábado,21:15:00,GO,153,"402,2",PIRENOPOLIS,Não,Condutor deixou de manter distância do veículo da frente,Colisão lateral mesmo sentido,Com Vítimas Feridas,Plena Noite,Decrescente,Céu Claro,Simples,Reta,Não  ,-16.040709,-49.079845,2.0,0.0,0.0,1.0,1.0,0.0,1.0,0.0,0.5,1.0,Leve,Reta,Simples,Rural,Normal,Noite,PIRENOPOLIS,-0.07000944677736169,-0.4365976829166499,-0.35509830740700743,0.23910423401873382,-0.361606446874318,1
574722,2024-01-14,domingo,18:58:00,GO,40,"96,4 ",CRISTALINA,Não,Pista Escorregadia,Saída de leito carroçável,Sem Vítimas,Anoitecer,Decrescente,Garoa/Chuvisco,Simples,Aclive;Reta,Sim  ,-16.7546396,-47.6041675,3.0,0.0,0.0,0.0,3.0,0.0,0.0,0.0,1.0,0.0,Sem_Lesoes,Inclinacao,Simples,Urbana,Adverso,Transicao,CRISTALINA,0.4985147118453078,0.8238089308678263,0.568747754316004,-0.5265069274475865,-0.8628292337469267,0
575114,2024-01-16,terça-feira,14:50:00,GO,20,"19,7 ",FORMOSA,Não,Falta de acostamento,Saída de leito carroçável,Com Vítimas Fatais,Pleno dia,Crescente,Céu Claro,Simples,Reta;Declive,Não  ,-15.553887,-47.18708,5.0,1.6500000000000057,0.0,0.0,1.0,1.0,3.0,0.6,0.2,9.0,Fatal,Inclinacao,Simples,Rural,Normal,Dia,FORMOSA,0.7654972039331788,-0.32551120971718384,-0.48730376008490434,-0.2480052954782208,0.3713381174920091,4
643509,2024-11-22,sexta-feira,16:00:00,DF,20,"25,4 ",BRASILIA,Não,Chuva,Colisão traseira,Com Vítimas Feridas,Pleno dia,Crescente,Chuva,Dupla,Curva,Sim  ,-15.595603,-47.649715,3.0,0.0,0.0,1.0,2.0,0.0,1.0,0.0,0.6666666666666666,1.0,Leve,Curva,Simples,Urbana,Adverso,Dia,BRASILIA,0.2693149576426752,0.3825945164276243,0.5817075897789776,0.22202920259199596,0.5131642088766584,0
575264,2024-01-17,quarta-feira,10:10:00,GO,50,99   ,CRISTALINA,Não,Acumulo de areia ou detritos sobre o pavimento,Colisão transversal,Com Vítimas Feridas,Pleno dia,Crescente,Céu Claro,Dupla,Reta;Em Obras,Sim  ,-16.7753024,-47.6235474,2.0,0.0,0.0,1.0,1.0,0.0,1.0,0.0,0.5,1.0,Leve,Reta,Simples,Urbana,Normal,Dia,CRISTALINA,-0.6184619289703231,0.047283667886018135,0.2303632893211014,0.2681116635734806,-0.09673301076072918,5
575898,2024-01-20,sábado,08:30:00,GO,70,"8,2  ",AGUAS LINDAS DE GOIAS,Sim,Falta de elemento de contenção que evite a saída do leito carroçável,Capotamento,Com Vítimas Feridas,Pleno dia,Decrescente,Céu Claro,Dupla,Curva;Declive,Sim  ,-15.7373368,-48.2740747,1.0,0.0,1.0,0.0,0.0,0.0,1.0,0.0,0.0,2.0,Grave,Curva,Simples,Urbana,Normal,Dia,AGUAS LINDAS DE GOIAS,-0.3777219115020304,-0.4789497612764356,0.5910267453122885,-0.14274647679585517,1.0492946133305388,9
576998,2024-01-25,quinta-feira,13:57:00,DF,60,27   ,BRASILIA,Não,Avarias e/ou desgaste excessivo no pneu,Capotamento,Com Vítimas Feridas,Pleno dia,Crescente,Chuva,Dupla,Curva,Sim  ,-16.017551,-48.249252,4.0,0.0,0.0,3.0,1.0,0.0,3.0,0.0,0.25,3.0,Leve,Curva,Simples,Urbana,Adverso,Dia,BRASILIA,0.2693149576426752,0.3825945164276243,0.5817075897789776,0.22202920259199596,0.5131642088766584,0
577517,2024-01-28,domingo,04:39:00,DF,70,10   ,BRASILIA,Não,Velocidade Incompatível,Colisão com objeto,Com Vítimas Feridas,Plena Noite,Crescente,Chuva,Dupla,Reta,Sim  ,-15.787066,-48.140709,2.0,0.0,0.0,1.0,1.0,0.0,1.0,0.0,0.5,1.0,Leve,Reta,Simples,Urbana,Adverso,Noite,BRASILIA,-0.24777323756972347,0.32782082028064846,-0.44333940891357887,0.1731225819046107,-0.4045238846104424,8
577625,2024-01-28,domingo,17:10:00,GO,70,29   ,COCALZINHO DE GOIAS,Não,Acumulo de água sobre o pavimento,Colisão com objeto,Com Vítimas Feridas,Anoitecer,Crescente,Nublado,Simples,Curva,Não  ,-15.7639611,-48.4429058,2.0,0.0,0.0,1.0,1.0,0.0,1.0,0.0,0.5,1.0,Leve,Curva,Simples,Rural,Normal,Transicao,COCALZINHO DE GOIAS,0.8221404529103374,-0.7976484346273686,1.1180656305715884,0.4236746737348246,-0.35795911996505503,6
577828,2024-01-29,segunda-feira,15:00:00,DF,70,14   ,BRASILIA,Sim,Pista Escorregadia,Queda de ocupante de veículo,Com Vítimas Feridas,Pleno dia,Crescente,Nublado,Dupla,Reta,Não  ,-15.797312,-48.176056,1.0,0.0,0.0,1.0,0.0,0.0,1.0,0.0,0.0,1.0,Leve,Reta,Simples,Rural,Normal,Dia,BRASILIA,-0.1318883458154459,-0.19357492092812537,0.20313974864641113,0.21233598440209525,0.02029007389045485,5
645045,2024-11-29,sexta-feira,17:22:00,DF,80,26   ,BRASILIA,Não,Velocidade Incompatível,Colisão transversal,Com Vítimas Feridas,Pleno dia,Decrescente,Chuva,Simples,Curva,Não  ,-15.612259,-48.198044,3.0,0.0,1.0,0.0,1.0,1.0,1.0,0.0,0.3333333333333333,2.0,Grave,Curva,Simples,Rural,Adverso,Dia,BRASILIA,0.4176614640153624,-0.19624843570742423,0.44833856245633646,-0.32027948725274896,1.2404233448967825,3
578298,2024-02-01,quinta-feira,06:30:00,DF,20,"3,5  ",BRASILIA,Não,Acumulo de água sobre o pavimento,Colisão com objeto,Sem Vítimas,Pleno dia,Decrescente,Chuva,Múltipla,Declive;Ponte,Sim  ,-15.679851,-47.832211,3.0,0.0,0.0,0.0,3.0,0.0,0.0,0.0,1.0,0.0,Sem_Lesoes,Inclinacao,Multipla,Urbana,Adverso,Dia,BRASILIA,0.12345300737000746,1.2396333787255207,0.12063081502996452,-0.662170746476292,0.051211532830910955,7
578410,2024-02-01,quinta-feira,18:15:00,GO,40,3    ,VALPARAISO DE GOIAS,Sim,Acesso irregular,Colisão transversal,Com Vítimas Feridas,Pleno dia,Crescente,Nublado,Dupla,Reta,Sim  ,-16.076081,-47.985671,2.0,0.0,0.0,1.0,1.0,0.0,1.0,0.0,0.5,1.0,Leve,Reta,Simples,Urbana,Normal,Dia,VALPARAISO DE GOIAS,-0.6184619289703231,0.047283667886018135,0.2303632893211014,0.2681116635734806,-0.09673301076072918,5
579852,2024-02-08,quinta-feira,19:10:00,GO,40,"0,2  ",VALPARAISO DE GOIAS,Sim,Pista Escorregadia,Queda de ocupante de veículo,Com Vítimas Feridas,Plena Noite,Crescente,Nublado,Dupla,Reta,Sim  ,-16.058273,-47.982655,1.0,0.0,1.0,0.0,0.0,0.0,1.0,0.0,0.0,2.0,Grave,Reta,Simples,Urbana,Normal,Noite,VALPARAISO DE GOIAS,-0.8948101067144291,-0.5337234574234115,-0.43402025338026795,-0.19165309748324044,0.13160651984343805,1
580480,2024-02-11,domingo,08:50:00,DF,60,"21,9 ",BRASILIA,Não,Chuva,Saída de leito carroçável,Sem Vítimas,Pleno dia,Crescente,Chuva,Dupla,Reta,Não  ,-15.979909,-48.206978,1.0,0.0,0.0,0.0,1.0,0.0,0.0,0.0,1.0,0.0,Sem_Lesoes,Reta,Simples,Rural,Adverso,Dia,BRASILIA,0.1072754492925229,0.7119732287087395,0.30878397875627284,-0.7725829115932421,0.032060859076436965,0
580641,2024-02-11,domingo,23:10:00,GO,60,"19,1 ",ALEXANIA,Não,Pista Escorregadia,Colisão frontal,Com Vítimas Fatais,Plena Noite,Crescente,Chuva,Dupla,Aclive;Reta,Não  ,-16.116914,-48.393592,4.0,1.0,1.0,2.0,0.0,0.0,4.0,0.25,0.0,8.0,Fatal,Inclinacao,Simples,Rural,Adverso,Noite,ALEXANIA,1.1361858953337785,-0.04497405732255352,-1.1610064583195847,-0.34299437714709075,0.06354724364229591,4
580648,2024-02-12,segunda-feira,00:40:00,DF,40,"2,9  ",BRASILIA,Não,Pista Escorregadia,Queda de ocupante de veículo,Com Vítimas Feridas,Plena Noite,Crescente,Chuva,Dupla,Interseção de Vias;Ponte;Reta,Sim  ,-15.99435,-47.985947,2.0,0.0,0.0,2.0,0.0,0.0,2.0,0.0,0.0,2.0,Leve,Ponte_Viaduto,Simples,Urbana,Adverso,Noite,BRASILIA,-0.2589896904568466,1.3759416174574586,-0.5509325371421516,2.7139623408209457,0.7167212349475849,7
580722,2024-02-08,quinta-feira,17:25:00,GO,20,2    ,FORMOSA,Não,Demais falhas na via,Eventos atípicos,Sem Vítimas,Pleno dia,Decrescente,Chuva,Simples,Interseção de Vias;Reta,Sim  ,-15.57387,-47.327488,2.0,0.0,0.0,0.0,2.0,0.0,0.0,0.0,1.0,0.0,Sem_Lesoes,Reta,Simples,Urbana,Adverso,Dia,FORMOSA,-0.3792981338623544,0.9528318175228829,0.33600751943096313,-0.7168072324218567,-0.08496222557474707,7
580994,2024-02-13,terça-feira,20:44:00,GO,40,"9,3  ",LUZIANIA,Não,Pedestre - Ingestão de álcool/ substâncias psicoativas,Atropelamento de Pedestre,Com Vítimas Feridas,Plena Noite,Crescente,Céu Claro,Dupla,Reta,Sim  ,-16.131158,-47.957739,3.0,0.0,1.0,0.0,2.0,0.0,1.0,0.0,0.6666666666666666,2.0,Grave,Reta,Simples,Urbana,Normal,Noite,LUZIANIA,-0.8948101067144291,-0.5337234574234115,-0.43402025338026795,-0.19165309748324044,0.13160651984343805,1
581510,2024-02-16,sexta-feira,15:00:00,GO,20,1    ,FORMOSA,Não,Restrição de visibilidade em curvas verticais,Colisão traseira,Com Vítimas Feridas,Pleno dia,Decrescente,Céu Claro,Simples,Declive;Curva,Sim  ,-15.579424,-47.334297,2.0,0.0,0.0,1.0,1.0,0.0,1.0,0.0,0.5,1.0,Leve,Curva,Simples,Urbana,Normal,Dia,FORMOSA,-0.03949483471984031,-0.14096539795553056,0.6971722319602393,0.3437865338775044,0.4390585619615987,9
581709,2024-02-17,sábado,17:45:00,DF,60,19   ,BRASILIA,Sim,Acumulo de água sobre o pavimento,Derramamento de carga,Com Vítimas Feridas,Pleno dia,Decrescente,Nublado,Dupla,Reta,Sim  ,-15.974583,-48.189411,2.0,0.0,0.0,1.0,0.0,1.0,1.0,0.0,0.0,1.0,Leve,Reta,Simples,Urbana,Normal,Dia,BRASILIA,-0.6184619289703231,0.047283667886018135,0.2303632893211014,0.2681116635734806,-0.09673301076072918,5
581936,2024-02-18,domingo,20:21:00,DF,20,"1,7  ",BRASILIA,Não,Frear bruscamente,Colisão com objeto,Com Vítimas Feridas,Plena Noite,Crescente,Chuva,Dupla,Reta;Interseção de Vias,Sim  ,-15.685814,-47.849838,5.0,0.0,2.0,0.0,1.0,0.0,4.0,0.0,0.2,8.0,Grave,Reta,Simples,Urbana,Adverso,Noite,BRASILIA,-0.5860003143519135,-0.010163543040256613,-0.5494848955615297,-0.3134104287687489,0.20571216675849766,1
582001,2024-02-19,segunda-feira,08:46:00,DF,20,2    ,BRASILIA,Sim,Acesso irregular,Colisão transversal,Sem Vítimas,Pleno dia,Decrescente,Nublado,Múltipla,Interseção de Vias;Reta,Sim  ,-15.682896,-47.840729,4.0,0.0,0.0,0.0,2.0,2.0,0.0,0.0,0.5,0.0,Sem_Lesoes,Reta,Multipla,Urbana,Normal,Dia,BRASILIA,-0.6881079262248699,0.4292719031397281,0.45147216161222486,-0.5950499011363483,-0.15906787248980672,5
582268,2024-02-20,terça-feira,14:00:00,DF,20,13   ,BRASILIA,Sim,Pista Escorregadia,Colisão com objeto,Sem Vítimas,Pleno dia,Decrescente,Chuva,Dupla,Reta,Não  ,-15.638752,-47.749599,1.0,0.0,0.0,0.0,0.0,1.0,0.0,0.0,0.0,0.0,Sem_Lesoes,Reta,Simples,Rural,Adverso,Dia,BRASILIA,0.1072754492925229,0.7119732287087395,0.30878397875627284,-0.7725829115932421,0.032060859076436965,0
582269,2024-02-20,terça-feira,16:00:00,DF,20,"15,6 ",BRASILIA,Sim,Pista Escorregadia,Colisão com objeto,Sem Vítimas,Pleno dia,Crescente,Chuva,Dupla,Reta,Não  ,-15.630189,-47.733288,1.0,0.0,0.0,0.0,0.0,1.0,0.0,0.0,0.0,0.0,Sem_Lesoes,Reta,Simples,Rural,Adverso,Dia,BRASILIA,0.1072754492925229,0.7119732287087395,0.30878397875627284,-0.7725829115932421,0.032060859076436965,0
582856,2024-02-23,sexta-feira,19:30:00,GO,414,"410,7",ABADIANIA,Não,Velocidade Incompatível,Atropelamento de Pedestre,Com Vítimas Feridas,Plena Noite,Crescente,Nublado,Simples,Interseção de Vias;Reta,Sim  ,-16.0566499,-48.8538837,2.0,0.0,1.0,0.0,1.0,0.0,1.0,0.0,0.5,2.0,Grave,Reta,Simples,Urbana,Normal,Noite,ABADIANIA,-0.8948101067144291,-0.5337234574234115,-0.43402025338026795,-0.19165309748324044,0.13160651984343805,1
584282,2024-03-01,sexta-feira,18:05:00,GO,40,"7,1  ",VALPARAISO DE GOIAS,Não,Acessar a via sem observar a presença dos outros veículos,Colisão transversal,Com Vítimas Feridas,Anoitecer,Crescente,Céu Claro,Dupla,Reta,Sim  ,-16.108482,-47.972524,2.0,0.0,0.0,1.0,1.0,0.0,1.0,0.0,0.5,1.0,Leve,Reta,Simples,Urbana,Normal,Transicao,VALPARAISO DE GOIAS,-0.2434002244950228,-0.3685407799716764,0.6784802286071409,0.4037754826021861,-1.0107737773385668,9
584475,2024-03-02,sábado,13:25:00,DF,60,"8,6  ",BRASILIA,Não,Reação tardia ou ineficiente do condutor,Saída de leito carroçável,Com Vítimas Feridas,Pleno dia,Crescente,Chuva,Dupla,Declive;Reta,Sim  ,-15.90542,-48.138196,2.0,0.0,0.0,1.0,1.0,0.0,1.0,0.0,0.5,1.0,Leve,Inclinacao,Simples,Urbana,Adverso,Dia,BRASILIA,0.1930990046245542,0.8576451434718108,-0.10047805726115894,0.20099081823353687,0.11354639455998848,7
584546,2024-03-02,sábado,19:18:00,GO,50,"97,8 ",CRISTALINA,Não,Reação tardia ou ineficiente do condutor,Colisão transversal,Sem Vítimas,Plena Noite,Crescente,Céu Claro,Simples,Reta;Rotatória;Em Obras,Sim  ,-16.7660221,-47.6158941,5.0,0.0,0.0,0.0,5.0,0.0,0.0,0.0,1.0,0.0,Sem_Lesoes,Reta,Simples,Urbana,Normal,Noite,CRISTALINA,-0.6262290271867857,0.1862491411512035,-0.1067658944411937,-0.5682816515197098,-0.5409643932545796,5
585780,2024-03-08,sexta-feira,05:30:00,GO,414,416  ,ABADIANIA,Sim,Deficiência do Sistema de Iluminação/Sinalização,Incêndio,Sem Vítimas,Amanhecer,Decrescente,Céu Claro,Simples,Aclive;Curva,Não  ,-16.1026529,-48.8633823,1.0,0.0,0.0,0.0,1.0,0.0,0.0,0.0,1.0,0.0,Sem_Lesoes,Curva,Simples,Rural,Normal,Transicao,ABADIANIA,0.7524944556557907,-0.41566019937365856,1.339174502862712,-0.4394868909750043,-0.42029398169413257,6
586696,2024-03-12,terça-feira,05:49:00,DF,20,30   ,BRASILIA,Não,Iluminação deficiente,Queda de ocupante de veículo,Com Vítimas Feridas,Amanhecer,Decrescente,Nublado,Dupla,Declive;Reta,Não  ,-15.595327,-47.603848,5.0,0.0,1.0,0.0,4.0,0.0,1.0,0.0,0.8,2.0,Grave,Inclinacao,Simples,Rural,Normal,Transicao,BRASILIA,0.4076974231100263,-0.6605821709040871,0.3297344968835012,-0.0838967212969941,-0.14734088291278477,3